Eval_AverageReturn,Eval_StdReturn,Eval_MaxReturn,Eval_MinReturn,Eval_AverageEpLen,Train_AverageReturn,Train_StdReturn,Train_MaxReturn,Train_MinReturn,Train_AverageEpLen,Actor Loss,Train_EnvstepsSoFar,TimeSinceStart,Initial_DataCollection_AverageReturn,step
28.266666,14.30369,59.0,12.0,28.266666666666666,23.952095,13.99564,92.0,9.0,23.952095808383234,22.13878059387207,4000,0.8586351871490479,23.952095,0
37.545456,15.824972,68.0,19.0,37.54545454545455,32.274193,17.227762,101.0,9.0,32.274193548387096,27.727445602416992,8002,2.0249314308166504,,1
52.0,38.348404,142.0,15.0,52.0,39.72277,19.06327,127.0,13.0,39.722772277227726,31.892696380615234,12014,2.9152629375457764,,2
47.444443,24.194174,93.0,24.0,47.44444444444444,51.474358,29.30202,161.0,14.0,51.47435897435897,42.88672637939453,16029,3.7862091064453125,,3
61.0,20.948917,102.0,36.0,61.0,54.426666,30.658188,200.0,20.0,54.42666666666667,44.19353103637695,20111,4.65794825553894,,4
75.5,24.540783,103.0,41.0,75.5,59.64706,33.549244,192.0,22.0,59.64705882352941,46.979251861572266,24167,5.545132398605347,,5
87.4,48.023327,170.0,34.0,87.4,78.69231,37.637714,189.0,35.0,78.6923076923077,57.50899887084961,28259,6.4204771518707275,,6
60.0,18.462317,85.0,34.0,60.0,68.45,35.091988,200.0,12.0,68.45,49.85884094238281,32366,7.324476718902588,,7
58.142857,19.283068,87.0,22.0,58.142857142857146,74.24074,34.34732,180.0,30.0,74.24074074074075,52.107608795166016,36375,8.183544397354126,,8
105.0,24.879711,142.0,74.0,105.0,85.19149,38.23313,187.0,28.0,85.19148936170212,58.38914108276367,40379,9.036601066589355,,9
138.75,41.26969,200.0,87.0,138.75,119.47059,44.149635,200.0,54.0,119.47058823529412,75.99821472167969,44441,9.937390804290771,,10
106.0,35.29164,137.0,46.0,106.0,124.969696,44.157078,200.0,57.0,124.96969696969697,77.3072509765625,48565,10.831512689590454,,11
142.33333,23.098822,166.0,111.0,142.33333333333334,119.79412,44.42229,200.0,45.0,119.79411764705883,74.42813110351562,52638,11.709155321121216,,12
152.66667,10.530379,167.0,142.0,152.66666666666666,131.0625,37.406498,200.0,49.0,131.0625,76.52299499511719,56832,12.62341833114624,,13
174.66667,23.697165,200.0,143.0,174.66666666666666,143.42857,33.5968,200.0,50.0,143.42857142857142,81.33903503417969,60848,13.513379335403442,,14
144.33333,39.381325,200.0,115.0,144.33333333333334,172.875,28.986078,200.0,115.0,172.875,95.36219787597656,64997,14.41501784324646,,15
200.0,0.0,200.0,200.0,200.0,182.30435,27.810593,200.0,121.0,182.30434782608697,97.07316589355469,69190,15.32035493850708,,16
159.66667,33.48963,200.0,118.0,159.66666666666666,192.14285,20.67961,200.0,120.0,192.14285714285714,100.799560546875,73225,16.20792579650879,,17
200.0,0.0,200.0,200.0,200.0,188.81818,20.77944,200.0,123.0,188.8181818181818,101.40046691894531,77379,17.10907793045044,,18
180.66667,21.296843,200.0,151.0,180.66666666666666,171.83333,30.344778,200.0,106.0,171.83333333333334,93.67036437988281,81503,18.023022651672363,,19
188.33333,16.499157,200.0,165.0,188.33333333333334,174.95653,38.190006,200.0,108.0,174.95652173913044,95.81924438476562,85527,18.918561935424805,,20
196.66667,4.714045,200.0,190.0,196.66666666666666,160.42308,38.474937,200.0,84.0,160.42307692307693,89.95691680908203,89698,19.850332498550415,,21
200.0,0.0,200.0,200.0,200.0,178.95653,31.694849,200.0,102.0,178.95652173913044,97.5847396850586,93814,20.7324001789093,,22
185.0,21.213203,200.0,155.0,185.0,188.81818,22.900251,200.0,114.0,188.8181818181818,100.58747863769531,97968,21.66665506362915,,23
200.0,0.0,200.0,200.0,200.0,192.4762,15.882362,200.0,144.0,192.47619047619048,102.7228012084961,102010,22.545921087265015,,24
185.66667,20.270395,200.0,157.0,185.66666666666666,171.70833,36.263477,200.0,93.0,171.70833333333334,94.14059448242188,106131,23.47020196914673,,25
200.0,0.0,200.0,200.0,200.0,174.95653,34.470505,200.0,76.0,174.95652173913044,94.1600341796875,110155,24.330283880233765,,26
158.33333,24.997778,177.0,123.0,158.33333333333334,169.29167,32.719105,200.0,109.0,169.29166666666666,90.2635269165039,114218,25.223892211914062,,27
110.0,10.931605,127.0,99.0,110.0,176.17392,36.514023,200.0,75.0,176.17391304347825,92.83609008789062,118270,26.116356134414673,,28
191.0,12.727922,200.0,173.0,191.0,155.3077,36.910255,200.0,89.0,155.30769230769232,82.77247619628906,122308,27.028356313705444,,29
200.0,0.0,200.0,200.0,200.0,161.36,39.9208,200.0,92.0,161.36,85.88040924072266,126342,27.911444902420044,,30
161.66667,33.20977,200.0,119.0,161.66666666666666,176.30435,32.989372,200.0,105.0,176.30434782608697,90.45597076416016,130397,28.79702115058899,,31
157.33333,35.112514,200.0,114.0,157.33333333333334,170.66667,35.496086,200.0,100.0,170.66666666666666,86.81055450439453,134493,29.689454317092896,,32
188.0,11.224972,200.0,173.0,188.0,172.58333,35.754856,200.0,87.0,172.58333333333334,89.28484344482422,138635,30.623290061950684,,33
200.0,0.0,200.0,200.0,200.0,170.08333,37.32952,200.0,100.0,170.08333333333334,87.96142578125,142717,31.504003763198853,,34
200.0,0.0,200.0,200.0,200.0,183.90909,34.440872,200.0,83.0,183.9090909090909,93.3607406616211,146763,32.376221656799316,,35
200.0,0.0,200.0,200.0,200.0,197.14285,9.33139,200.0,160.0,197.14285714285714,99.33081817626953,150903,33.27398657798767,,36
200.0,0.0,200.0,200.0,200.0,186.68182,32.884624,200.0,82.0,186.6818181818182,94.5111083984375,155010,34.15897011756897,,37
200.0,0.0,200.0,200.0,200.0,200.0,0.0,200.0,200.0,200.0,98.4478988647461,159010,35.035038471221924,,38
200.0,0.0,200.0,200.0,200.0,200.0,0.0,200.0,200.0,200.0,99.0862045288086,163010,35.890453577041626,,39
200.0,0.0,200.0,200.0,200.0,198.33333,6.812686,200.0,168.0,198.33333333333334,99.64459991455078,167175,36.78928804397583,,40
200.0,0.0,200.0,200.0,200.0,199.71428,1.277753,200.0,194.0,199.71428571428572,103.04591369628906,171369,37.68421649932861,,41
200.0,0.0,200.0,200.0,200.0,200.0,0.0,200.0,200.0,200.0,101.67475891113281,175369,38.54563570022583,,42
200.0,0.0,200.0,200.0,200.0,198.61905,6.175807,200.0,171.0,198.61904761904762,102.4677505493164,179540,39.43486976623535,,43
200.0,0.0,200.0,200.0,200.0,198.5238,6.601724,200.0,169.0,198.52380952380952,102.80029296875,183709,40.341341495513916,,44
200.0,0.0,200.0,200.0,200.0,197.90475,9.37019,200.0,156.0,197.9047619047619,104.1325454711914,187865,41.24659299850464,,45
200.0,0.0,200.0,200.0,200.0,192.04762,25.314169,200.0,96.0,192.04761904761904,101.6066665649414,191898,42.11475443840027,,46
200.0,0.0,200.0,200.0,200.0,200.0,0.0,200.0,200.0,200.0,106.31922149658203,195898,42.98180031776428,,47
185.33333,20.7418,200.0,156.0,185.33333333333334,195.85715,18.52742,200.0,113.0,195.85714285714286,103.53594970703125,200011,43.89049434661865,,48
200.0,0.0,200.0,200.0,200.0,185.54546,32.686844,200.0,87.0,185.54545454545453,101.9056396484375,204093,44.77421569824219,,49
200.0,0.0,200.0,200.0,200.0,200.0,0.0,200.0,200.0,200.0,106.3044204711914,208093,45.642022371292114,,50
200.0,0.0,200.0,200.0,200.0,184.13637,29.206623,200.0,113.0,184.13636363636363,101.55193328857422,212144,46.51962161064148,,51
200.0,0.0,200.0,200.0,200.0,186.54546,34.60127,200.0,83.0,186.54545454545453,101.65478515625,216248,47.39821171760559,,52
158.66667,48.8899,200.0,90.0,158.66666666666666,185.18182,34.85507,200.0,64.0,185.1818181818182,103.14732360839844,220322,48.29107356071472,,53
147.66667,37.98538,200.0,111.0,147.66666666666666,189.31818,32.43229,200.0,83.0,189.3181818181818,104.04307556152344,224487,49.19980573654175,,54
200.0,0.0,200.0,200.0,200.0,189.40909,31.692646,200.0,89.0,189.4090909090909,103.85704040527344,228654,50.09181475639343,,55
200.0,0.0,200.0,200.0,200.0,191.57143,24.470722,200.0,95.0,191.57142857142858,105.5534896850586,232677,50.95908999443054,,56
200.0,0.0,200.0,200.0,200.0,178.34782,47.8654,200.0,26.0,178.34782608695653,102.30514526367188,236779,51.85306143760681,,57
200.0,0.0,200.0,200.0,200.0,185.72728,40.38697,200.0,38.0,185.72727272727272,105.34671020507812,240865,52.73292803764343,,58
200.0,0.0,200.0,200.0,200.0,198.95238,3.7222137,200.0,183.0,198.95238095238096,107.59805297851562,245043,53.63089632987976,,59
200.0,0.0,200.0,200.0,200.0,193.85715,27.471691,200.0,71.0,193.85714285714286,107.86663055419922,249114,54.51863479614258,,60
200.0,0.0,200.0,200.0,200.0,200.0,0.0,200.0,200.0,200.0,108.37619018554688,253114,55.390268325805664,,61
200.0,0.0,200.0,200.0,200.0,189.63637,28.638094,200.0,82.0,189.63636363636363,106.32546997070312,257286,56.29204320907593,,62
200.0,0.0,200.0,200.0,200.0,186.95454,41.807434,200.0,34.0,186.95454545454547,108.02249908447266,261399,57.17296481132507,,63
200.0,0.0,200.0,200.0,200.0,196.38095,12.748393,200.0,142.0,196.38095238095238,108.3520736694336,265523,58.05868744850159,,64
200.0,0.0,200.0,200.0,200.0,199.71428,1.2777529,200.0,194.0,199.71428571428572,109.26880645751953,269717,58.94715857505798,,65
200.0,0.0,200.0,200.0,200.0,200.0,0.0,200.0,200.0,200.0,109.81468963623047,273717,59.81137728691101,,66
200.0,0.0,200.0,200.0,200.0,195.0,22.138094,200.0,96.0,195.0,108.66471099853516,277812,60.68150973320007,,67
200.0,0.0,200.0,200.0,200.0,196.66667,14.907118,200.0,130.0,196.66666666666666,108.83421325683594,281942,61.57381582260132,,68
200.0,0.0,200.0,200.0,200.0,200.0,0.0,200.0,200.0,200.0,111.53523254394531,285942,62.44475960731506,,69
200.0,0.0,200.0,200.0,200.0,200.0,0.0,200.0,200.0,200.0,111.97826385498047,289942,63.29775071144104,,70
200.0,0.0,200.0,200.0,200.0,192.4762,28.377756,200.0,68.0,192.47619047619048,110.0484390258789,293984,64.15966296195984,,71
199.33333,0.942809,200.0,198.0,199.33333333333334,200.0,0.0,200.0,200.0,200.0,113.34877014160156,297984,65.0677843093872,,72
200.0,0.0,200.0,200.0,200.0,194.4762,21.029728,200.0,102.0,194.47619047619048,111.6893310546875,302068,65.94353795051575,,73
145.5,60.45453,200.0,54.0,145.5,185.18182,37.67521,200.0,72.0,185.1818181818182,110.4934310913086,306142,66.84793519973755,,74
200.0,0.0,200.0,200.0,200.0,174.60869,43.12443,200.0,63.0,174.6086956521739,106.75415802001953,310158,67.72714161872864,,75
166.66667,47.140453,200.0,100.0,166.66666666666666,150.07408,59.864,200.0,35.0,150.07407407407408,99.31616973876953,314210,68.61362290382385,,76
174.0,36.769554,200.0,122.0,174.0,149.55556,59.42336,200.0,38.0,149.55555555555554,98.74739074707031,318248,69.50388860702515,,77
200.0,0.0,200.0,200.0,200.0,156.42308,58.843452,200.0,42.0,156.42307692307693,102.49244689941406,322315,70.36594128608704,,78
200.0,0.0,200.0,200.0,200.0,193.5238,21.099806,200.0,103.0,193.52380952380952,110.84833526611328,326379,71.2279040813446,,79
200.0,0.0,200.0,200.0,200.0,183.0,46.358288,200.0,33.0,183.0,110.16271209716797,330405,72.0796685218811,,80
200.0,0.0,200.0,200.0,200.0,200.0,0.0,200.0,200.0,200.0,111.7003402709961,334405,72.92728066444397,,81
200.0,0.0,200.0,200.0,200.0,193.0,21.734327,200.0,118.0,193.0,109.4538803100586,338458,73.80119967460632,,82
200.0,0.0,200.0,200.0,200.0,195.09525,21.934763,200.0,97.0,195.0952380952381,109.76561737060547,342555,74.66263246536255,,83
200.0,0.0,200.0,200.0,200.0,200.0,0.0,200.0,200.0,200.0,111.53228759765625,346555,75.50515413284302,,84
139.0,86.26703,200.0,17.0,139.0,194.4762,19.529266,200.0,111.0,194.47619047619048,109.05767059326172,350639,76.39170932769775,,85
200.0,0.0,200.0,200.0,200.0,195.14285,21.721802,200.0,98.0,195.14285714285714,110.03292846679688,354737,77.24986624717712,,86
200.0,0.0,200.0,200.0,200.0,200.0,0.0,200.0,200.0,200.0,110.36666870117188,358737,78.11231088638306,,87
200.0,0.0,200.0,200.0,200.0,200.0,0.0,200.0,200.0,200.0,108.03106689453125,362737,78.95522618293762,,88
200.0,0.0,200.0,200.0,200.0,200.0,0.0,200.0,200.0,200.0,107.6310043334961,366737,79.80403184890747,,89
200.0,0.0,200.0,200.0,200.0,200.0,0.0,200.0,200.0,200.0,106.05673217773438,370737,80.6512668132782,,90
200.0,0.0,200.0,200.0,200.0,200.0,0.0,200.0,200.0,200.0,104.95145416259766,374737,81.51336669921875,,91
200.0,0.0,200.0,200.0,200.0,200.0,0.0,200.0,200.0,200.0,104.94356536865234,378737,82.3725688457489,,92
200.0,0.0,200.0,200.0,200.0,200.0,0.0,200.0,200.0,200.0,103.6001968383789,382737,83.23446369171143,,93
200.0,0.0,200.0,200.0,200.0,191.38095,38.54555,200.0,19.0,191.38095238095238,103.94361114501953,386756,84.09406805038452,,94
200.0,0.0,200.0,200.0,200.0,191.71428,37.05484,200.0,26.0,191.71428571428572,104.34442901611328,390782,84.95865392684937,,95
200.0,0.0,200.0,200.0,200.0,200.0,0.0,200.0,200.0,200.0,104.78733825683594,394782,85.80985951423645,,96
145.75,70.52083,194.0,24.0,145.75,197.0,5.345225,200.0,179.0,197.0,104.60127258300781,398919,86.72532653808594,,97
176.33333,14.383632,187.0,156.0,176.33333333333334,177.0,49.634315,200.0,16.0,177.0,99.20323944091797,402990,87.61430215835571,,98
191.33333,6.342099,200.0,185.0,191.33333333333334,163.04,54.64978,200.0,15.0,163.04,94.05419158935547,407066,88.51229810714722,,99
