Eval_AverageReturn,Eval_StdReturn,Eval_MaxReturn,Eval_MinReturn,Eval_AverageEpLen,Train_AverageReturn,Train_StdReturn,Train_MaxReturn,Train_MinReturn,Train_AverageEpLen,Actor Loss,Baseline Loss,Train_EnvstepsSoFar,TimeSinceStart,Initial_DataCollection_AverageReturn,step
-167.81529,110.5722,-26.845291,-442.82382,87.08333333333333,-178.28264,90.351074,-9.559238,-376.77106,85.33333333333333,-45.033477783203125,11275.57421875,2048,1.66774582862854,-178.28264,0
-147.01402,76.57815,-15.283836,-393.28607,92.4090909090909,-153.41373,86.8322,-27.15297,-365.73474,89.30434782608695,-33.706275939941406,7908.40087890625,4102,4.016161680221558,,1
-156.8475,108.20072,59.33557,-348.56067,153.25,-150.7578,84.53686,-27.595634,-348.7483,95.4090909090909,-29.62388038635254,7016.49169921875,6201,6.054714679718018,,2
-173.77849,92.472565,-22.290077,-352.47598,93.72727272727273,-141.54521,79.5958,6.3933563,-302.2162,94.54545454545455,-25.889841079711914,6003.81982421875,8281,7.677094221115112,,3
-166.61194,77.931496,-39.29262,-303.73,108.10526315789474,-186.3683,111.82683,-29.131561,-423.01886,102.1,-32.674537658691406,10071.5322265625,10323,9.209242582321167,,4
-178.50383,99.491806,-76.64254,-405.74265,100.0,-167.80615,92.94462,-67.31302,-380.85623,104.65,-25.91834831237793,6059.2080078125,12416,10.760293006896973,,5
-183.09555,131.34558,-59.530365,-524.28217,100.8,-181.01848,111.482605,23.764664,-386.28314,107.26315789473684,-26.451139450073242,8150.02734375,14454,12.265624046325684,,6
-163.0389,108.70813,-29.127045,-504.2518,111.72222222222223,-187.90292,103.757385,-59.726086,-427.90247,104.25,-27.354522705078125,7335.98095703125,16539,13.81279993057251,,7
-154.43173,78.84882,-53.540142,-325.57993,100.38095238095238,-152.67126,82.97553,-21.068209,-320.45285,108.10526315789474,-17.792072296142578,3846.94091796875,18593,15.348271131515503,,8
-147.70456,86.80707,-54.17037,-331.51736,103.6,-139.9331,93.01546,-22.32425,-378.64145,100.05,-16.220373153686523,3836.522705078125,20594,16.96079421043396,,9
-133.19125,62.84496,-55.062073,-248.61688,100.1,-166.09933,89.192085,14.862808,-366.52136,109.0,-17.52458381652832,4187.73681640625,22665,18.46367049217224,,10
-163.45518,82.147675,-48.213886,-327.46375,111.27777777777777,-117.5781,58.518646,-4.214073,-266.85364,101.95,-9.044442176818848,1819.52734375,24704,20.050816535949707,,11
-113.62126,58.079483,-20.611206,-262.41943,107.47368421052632,-130.48383,69.73124,-33.542557,-340.5241,106.3157894736842,-10.085058212280273,2496.49072265625,26724,21.702670097351074,,12
-135.54305,61.61852,-47.373676,-242.22656,107.73684210526316,-135.65291,67.982635,-46.794594,-252.98187,114.77777777777777,-8.440539360046387,1736.400146484375,28790,23.457351446151733,,13
-150.08195,121.98046,-45.11542,-438.68857,119.94117647058823,-143.65845,74.32978,-56.05566,-304.2613,118.94117647058823,-8.311969757080078,2014.3289794921875,30812,25.14622211456299,,14
-135.71756,85.05707,3.7851505,-328.49167,126.8125,-132.34677,73.268456,-26.214073,-302.75128,117.0,-6.2138991355896,3017.713134765625,32918,27.048632383346558,,15
-111.66921,61.80801,-40.56218,-257.82385,115.11111111111111,-124.578156,85.24255,-7.2628765,-329.87814,129.3125,-2.812558650970459,2378.526123046875,34987,28.63665533065796,,16
-119.95501,76.48648,-0.7293749,-245.30261,129.75,-126.93243,84.30659,-45.810875,-312.37115,134.75,-2.5233254432678223,2308.63525390625,37143,30.26129150390625,,17
-130.39941,96.95876,26.852219,-317.5176,126.25,-101.16595,54.74111,-8.550919,-228.49849,114.66666666666667,0.21629001200199127,1501.5596923828125,39207,32.03077554702759,,18
-113.51726,53.73945,23.261894,-210.20782,125.125,-118.18651,71.07729,-19.700684,-273.97476,113.22222222222223,-3.043527841567993,2072.011474609375,41245,33.761422872543335,,19
-86.90743,72.05458,41.322205,-177.75714,135.6,-52.641876,58.547333,42.718155,-178.2701,208.08333333333334,10.41709041595459,2402.6591796875,43742,36.08605098724365,,20
-107.52894,59.315304,-30.165207,-217.10614,166.66666666666666,-99.18666,62.616783,-10.902011,-202.0618,121.17647058823529,1.28823721408844,1796.9591064453125,45802,37.752219915390015,,21
-132.89793,116.17029,-17.929005,-413.71777,157.69230769230768,-99.77452,100.43097,25.14711,-398.62292,138.46666666666667,2.329469680786133,2327.078369140625,47879,39.409287214279175,,22
-97.595345,97.45331,27.127304,-326.35986,161.15384615384616,-81.755264,54.917,1.1993866,-178.52621,302.2857142857143,8.276881217956543,3281.407958984375,49995,41.569199085235596,,23
-88.485954,66.07856,3.396,-265.7251,167.33333333333334,-100.07493,84.014786,18.117981,-284.4107,151.92857142857142,2.324740409851074,1557.0064697265625,52122,43.41512417793274,,24
-74.494446,106.54213,13.390938,-401.55795,233.0909090909091,-88.14239,68.12449,1.0858154,-226.97406,179.0,4.9194016456604,1556.1966552734375,54270,46.22251582145691,,25
-67.97451,60.90851,14.960709,-191.49113,272.5,-107.81806,105.05953,9.787014,-319.5943,192.72727272727272,2.1517910957336426,2043.31884765625,56390,49.02084398269653,,26
-143.73828,120.73525,11.533346,-332.39386,238.11111111111111,-160.60052,106.398636,4.8568954,-327.54132,205.4,-1.9854209423065186,1877.55029296875,58444,50.964200019836426,,27
-117.89659,86.41912,2.5962677,-266.71753,232.77777777777777,-102.85526,86.51762,-29.05184,-309.16425,200.6,2.5063583850860596,1640.4578857421875,60450,52.99248814582825,,28
-205.4013,145.64095,0.4508686,-431.82883,244.22222222222223,-153.48538,110.07213,-28.541359,-333.12784,232.55555555555554,0.22379834949970245,2979.279541015625,62543,55.12761378288269,,29
-102.30041,123.71182,7.1397743,-349.65173,315.14285714285717,-261.21115,124.89339,-162.35635,-577.0295,282.875,-3.680527687072754,2980.69775390625,64806,57.83670902252197,,30
-83.841255,72.458954,17.985247,-173.08545,502.0,-305.74585,116.21414,-151.40138,-503.80853,357.1666666666667,-2.7299644947052,2869.5078125,66949,61.21218919754028,,31
-41.62722,45.87144,6.3214836,-104.4397,425.0,-157.90451,148.11014,-34.626984,-440.72913,558.8,4.7588419914245605,2653.9375,69743,65.52403473854065,,32
-55.272484,22.262337,-33.010147,-77.53482,1000.0,-61.728622,47.145626,-3.901287,-139.14645,322.5,8.042678833007812,2071.92333984375,72323,70.87244772911072,,33
-85.1715,53.718178,-30.214111,-175.73904,400.0,-86.82736,110.99848,4.3274994,-334.75003,326.22222222222223,6.177534580230713,2632.774658203125,75259,75.23118853569031,,34
-79.53136,96.00699,-4.9527016,-237.38216,356.14285714285717,-74.559784,71.53884,27.597351,-193.16034,327.375,6.50657844543457,2734.38671875,77878,78.95838642120361,,35
-43.650227,97.124695,13.973583,-310.746,266.1111111111111,-54.425602,66.432884,-0.9352455,-192.53749,318.85714285714283,6.52098274230957,2121.291259765625,80110,81.5742404460907,,36
-81.8573,68.42168,11.143154,-180.797,427.8,-59.060696,52.915295,17.883686,-180.42664,239.0,5.393073558807373,1556.3167724609375,82261,84.3440568447113,,37
-18.705986,9.065437,-7.3648987,-29.554176,726.6666666666666,-38.962334,75.66575,57.834435,-168.92581,250.75,6.846151828765869,2070.2255859375,84267,89.1321427822113,,38
1.0543562,27.458702,53.584625,-33.131874,302.85714285714283,8.386352,21.628065,32.516487,-20.320335,446.8333333333333,8.500165939331055,1757.1212158203125,86948,93.51778483390808,,39
1.9677156,42.65397,55.858658,-64.33337,302.57142857142856,-10.882343,36.81515,29.774416,-71.55733,495.0,7.500647068023682,1661.633544921875,89918,98.03152251243591,,40
0.13536873,23.848362,43.410416,-30.744097,258.0,-1.5588878,30.611847,55.93759,-61.965935,183.1818181818182,8.996707916259766,1940.145263671875,91933,101.45766043663025,,41
-1.284118,20.696148,34.664497,-33.43714,313.14285714285717,-20.724203,30.108624,14.366537,-67.117615,593.25,6.288478374481201,1198.447265625,94306,105.05089259147644,,42
-22.860294,94.859825,63.29985,-203.70421,466.6,-7.6909776,23.322853,15.223022,-54.647457,314.85714285714283,6.088386535644531,1314.5638427734375,96510,109.14507126808167,,43
20.341295,18.981232,58.411087,-9.072659,175.75,1.9775953,24.750397,21.641052,-40.31674,587.75,5.9532790184021,1246.27490234375,98861,112.51534461975098,,44
-4.6708674,32.619736,33.406944,-54.006073,305.85714285714283,1.7203512,26.403954,41.475697,-45.955605,264.0,6.292897701263428,1462.418212890625,100973,115.66131281852722,,45
28.01783,28.122107,70.8358,-13.260044,257.625,21.555395,27.611305,69.74104,-8.807362,418.14285714285717,5.664672374725342,1213.6812744140625,103900,120.37117600440979,,46
0.6910941,23.238138,37.92325,-44.338078,178.66666666666666,-8.902326,43.33184,49.397087,-68.173386,290.2857142857143,4.866916179656982,1376.6724853515625,105932,123.94043040275574,,47
9.127588,26.22759,48.941376,-31.275146,163.30769230769232,13.727469,21.07335,51.94793,-12.099739,252.11111111111111,5.338674545288086,1186.6475830078125,108201,126.06852650642395,,48
24.644888,24.763203,66.13862,-14.673187,447.1666666666667,0.0038251877,18.65953,28.8904,-33.3033,292.125,4.01873254776001,1180.5247802734375,110538,129.7367787361145,,49
9.233862,27.300373,35.706707,-47.213932,478.5,15.613539,31.126133,79.47719,-21.844696,272.5,4.300587177276611,1153.6175537109375,112718,133.705637216568,,50
7.4825644,25.075615,38.593746,-40.044586,352.0,2.9121125,43.401382,87.20839,-58.634315,264.0,3.1353657245635986,1442.203125,115358,137.56365847587585,,51
16.22844,48.876698,71.045685,-43.559517,654.0,52.69875,36.102325,102.03836,16.659302,730.0,3.515551805496216,1038.48681640625,117548,142.39930725097656,,52
-58.836296,63.22308,40.236588,-160.783,385.57142857142856,-14.794678,74.93056,131.56528,-74.070244,402.0,1.9451156854629517,1253.6358642578125,119558,145.77703619003296,,53
14.240656,94.929,152.56882,-82.23299,584.8,-40.281033,76.482864,116.273315,-130.85104,356.6666666666667,0.7160844802856445,1368.3416748046875,121698,150.43970799446106,,54
-77.54858,28.630602,-42.30941,-109.13133,344.0,-9.507311,43.934452,42.425327,-68.36605,565.6,1.6818019151687622,727.4484252929688,124526,155.04208731651306,,55
9.590691,58.947384,85.44257,-58.28621,837.3333333333334,-11.488524,57.73708,69.71758,-59.47613,823.6666666666666,1.293351650238037,377.4273986816406,126997,159.74008083343506,,56
40.042286,46.160828,98.306404,-14.588844,755.3333333333334,-59.102932,121.50498,75.44017,-218.94232,884.6666666666666,0.4650430381298065,669.3579711914062,129651,166.431884765625,,57
-74.49684,48.87532,-30.184166,-142.5932,832.0,-0.16114171,87.4121,123.35439,-66.30612,807.3333333333334,0.2980271577835083,766.427978515625,132073,171.47892498970032,,58
-11.623573,98.65468,122.16178,-112.79785,983.6666666666666,-85.86655,46.48195,-46.20231,-151.09601,749.0,-0.9079023599624634,678.8162231445312,134320,176.58828949928284,,59
-169.4572,84.399864,-98.2091,-288.01367,731.0,-224.2384,23.00004,-194.6052,-250.66997,851.3333333333334,-3.633291721343994,1044.1220703125,136874,180.72909307479858,,60
-110.84064,92.03086,19.269844,-178.7183,869.0,-150.10507,130.57634,18.865402,-287.9416,693.0,-2.621598482131958,676.0128173828125,139646,186.62938976287842,,61
-46.18041,109.81482,55.25296,-198.74205,960.0,-171.0077,129.43361,6.2727737,-311.85452,717.0,-2.885906219482422,1220.378173828125,142514,191.64523196220398,,62
38.100002,21.257465,59.357468,16.842537,1000.0,-144.39531,61.059677,-96.10815,-230.53638,915.0,-1.3011572360992432,244.68788146972656,145259,196.41616082191467,,63
-21.003103,67.79131,69.8033,-93.03602,694.6666666666666,9.809575,51.851727,71.20191,-55.61609,815.6666666666666,2.188016414642334,748.8176879882812,147706,200.69677662849426,,64
-28.826702,39.260242,10.43354,-68.086945,1000.0,59.132675,9.556688,68.68936,49.575985,1000.0,2.301241159439087,444.8547058105469,149706,204.63270568847656,,65
-107.61383,88.657265,36.736862,-194.64844,716.75,-12.533905,47.729275,35.19537,-60.26318,1000.0,1.3131979703903198,190.11732482910156,151706,209.62331008911133,,66
8.513145,85.313774,93.82692,-76.80063,1000.0,-112.913345,115.3054,79.52997,-210.41266,701.25,-0.8444663286209106,1068.2684326171875,154511,214.06223511695862,,67
-90.68137,60.225403,-36.237648,-174.62677,713.6666666666666,-103.47529,77.67871,4.110564,-176.50195,820.3333333333334,-0.6013456583023071,637.5652465820312,156972,218.8128743171692,,68
-46.191357,0.6924324,-45.498924,-46.88379,1000.0,-147.18124,63.721863,-72.13287,-227.90868,867.6666666666666,-0.7989906668663025,800.7779541015625,159575,222.9895956516266,,69
-62.94909,2.84021,-60.10888,-65.7893,1000.0,24.900465,39.084152,63.984615,-14.183685,1000.0,1.8372774124145508,304.5425109863281,161575,228.09558773040771,,70
13.000015,48.156685,61.1567,-35.15667,1000.0,-41.444317,28.698627,-12.745689,-70.142944,1000.0,0.5596333146095276,188.50839233398438,163575,232.69670128822327,,71
-10.714212,16.930033,6.2158203,-27.644245,1000.0,-56.461693,2.323843,-54.137848,-58.785534,1000.0,0.43725916743278503,124.31123352050781,165575,237.41783618927002,,72
-18.534336,13.370172,-5.1641636,-31.904507,1000.0,-34.358143,27.097544,1.1238594,-64.63653,898.6666666666666,0.30365756154060364,355.53472900390625,168271,242.83429408073425,,73
-99.5939,54.712627,-54.26148,-176.56422,977.3333333333334,-19.928167,34.521263,14.593098,-54.449432,1000.0,0.7661744356155396,159.59561157226562,170271,249.73073077201843,,74
49.417816,70.97229,147.75983,-17.138126,860.3333333333334,-40.71427,18.43308,-22.281193,-59.147354,1000.0,0.40764591097831726,190.91244506835938,172271,255.26323580741882,,75
-69.04838,35.75983,-35.522858,-118.60104,765.3333333333334,-56.445927,86.40998,27.218073,-175.41597,965.3333333333334,0.3856266438961029,637.5303344726562,175167,260.72831869125366,,76
51.612377,64.211555,112.3231,-37.226677,972.3333333333334,52.8125,10.464226,63.276726,42.348274,1000.0,1.7852661609649658,317.9646301269531,177167,266.259818315506,,77
10.476627,68.84624,79.32287,-58.369614,1000.0,27.994724,11.743557,39.73828,16.251167,1000.0,1.1978522539138794,219.4630889892578,179167,270.8468494415283,,78
27.838326,45.044163,91.47035,-6.563942,946.3333333333334,28.270939,27.009144,55.280083,1.2617946,1000.0,0.9111856818199158,159.6771697998047,181167,277.04791808128357,,79
-4.8730135,2.61806,-2.2549534,-7.4910736,1000.0,35.116875,11.753441,46.870316,23.363434,1000.0,1.0759150981903076,151.80528259277344,183167,282.2736301422119,,80
-2.8017092,3.976035,1.174326,-6.7777443,1000.0,10.131882,93.03821,103.17009,-82.90633,1000.0,0.5819981694221497,289.5237121582031,185167,288.14963126182556,,81
-32.54731,8.740387,-23.806923,-41.287697,1000.0,-3.6545045,55.32792,68.47189,-65.987564,908.6666666666666,0.41123348474502563,468.5591125488281,187893,296.813378572464,,82
-41.604763,9.668742,-31.936022,-51.273506,1000.0,-14.888893,7.4747505,-7.4141426,-22.363644,1000.0,-0.31630510091781616,216.7325439453125,189893,303.01554703712463,,83
-59.15396,11.902685,-47.251278,-71.05665,1000.0,-44.132793,23.675938,-20.456856,-67.80873,1000.0,-0.6920168399810791,92.5966567993164,191893,308.6025092601776,,84
-35.616447,4.694866,-30.921581,-40.311314,1000.0,-34.666412,2.6139812,-32.05243,-37.28039,1000.0,-0.5220727920532227,171.65347290039062,193893,314.6485767364502,,85
-63.479156,0.32393074,-63.155228,-63.80309,1000.0,-72.700096,1.9170532,-70.78304,-74.61715,1000.0,-1.2592787742614746,100.67250061035156,195893,320.2236444950104,,86
-112.15783,21.051125,-91.106705,-133.20895,1000.0,-5.3939,1.1987362,-4.1951637,-6.592636,1000.0,-0.24824823439121246,122.2724838256836,197893,326.6966459751129,,87
-100.50569,2.3702202,-98.13547,-102.87591,1000.0,-92.876755,2.7191162,-90.15764,-95.59587,1000.0,-1.3252460956573486,109.74520874023438,199893,332.43734860420227,,88
-111.61592,20.44585,-91.17007,-132.06177,1000.0,-84.0609,6.641758,-77.41914,-90.70266,1000.0,-1.1547656059265137,78.62650299072266,201893,337.8287625312805,,89
-100.30177,11.559311,-88.74246,-111.861084,1000.0,-124.73257,11.859062,-112.873505,-136.59163,1000.0,-1.688409447669983,112.07366180419922,203893,343.82154631614685,,90
-73.33914,8.855911,-64.48323,-82.19505,1000.0,-64.57037,35.01679,-29.553581,-99.58716,1000.0,-0.617201030254364,161.70394897460938,205893,349.93190455436707,,91
-85.83065,8.314354,-77.5163,-94.145004,1000.0,-67.54663,7.409544,-60.13709,-74.95618,1000.0,-0.6462426781654358,88.89693450927734,207893,355.96849274635315,,92
-53.206406,3.6525822,-49.553825,-56.85899,1000.0,-60.93727,15.184937,-45.752335,-76.12221,1000.0,-0.2460176944732666,131.0977783203125,209893,362.31110191345215,,93
-28.358355,22.286283,-6.072071,-50.644638,1000.0,-55.43048,14.6688385,-40.761642,-70.09932,1000.0,-0.36431750655174255,85.6192626953125,211893,369.220477104187,,94
-21.512047,96.64372,62.56272,-156.86925,977.3333333333334,-44.43855,31.739979,-12.69857,-76.17853,1000.0,0.039602093398571014,87.70818328857422,213893,376.3785409927368,,95
48.744816,41.688816,90.43363,7.055998,1000.0,-11.705773,60.40179,38.76029,-96.62504,905.3333333333334,0.46517643332481384,360.1896667480469,216609,383.1325399875641,,96
7.175833,68.35229,78.19938,-85.123215,934.6666666666666,32.699074,56.437687,78.259094,-46.835075,870.6666666666666,1.3381433486938477,533.9860229492188,219221,390.32519936561584,,97
62.455975,22.986057,85.44203,39.469917,1000.0,75.829475,6.8484573,82.67793,68.98102,1000.0,1.6242185831069946,292.4222412109375,221221,396.0512363910675,,98
72.99759,7.1415787,80.13917,65.85601,1000.0,57.738323,49.26742,102.560486,-10.869606,806.0,1.595893144607544,586.607177734375,223639,402.34857058525085,,99
64.35156,3.8660755,68.217636,60.485485,1000.0,55.070904,33.046112,99.54948,20.40944,770.3333333333334,1.480965256690979,409.0833740234375,225950,407.47813749313354,,100
24.185335,70.39518,92.928566,-72.54811,885.6666666666666,100.9599,8.317211,109.27711,92.642685,1000.0,1.770175576210022,260.1336669921875,227950,413.60889196395874,,101
79.693954,4.588299,84.28226,75.10566,1000.0,78.49026,1.5182571,80.008514,76.972,1000.0,0.9894042015075684,136.5486297607422,229950,419.1802616119385,,102
94.755005,14.061199,108.8162,80.6938,1000.0,64.24646,2.9901485,67.23661,61.256313,1000.0,0.7933011651039124,100.36095428466797,231950,423.71265721321106,,103
48.290207,7.2529964,55.5432,41.03721,1000.0,53.432613,19.220013,72.652626,34.2126,1000.0,0.4431661367416382,94.8429183959961,233950,430.1177382469177,,104
65.59837,30.53114,96.12952,35.067238,1000.0,17.211994,71.41449,80.56957,-82.57998,878.6666666666666,-0.0007612491608597338,553.8110961914062,236586,436.1989161968231,,105
-9.747669,19.897858,10.150188,-29.645527,1000.0,-35.00744,59.271793,36.798637,-108.36223,974.6666666666666,-1.1754298210144043,433.68017578125,239510,443.86319041252136,,106
11.650421,11.09761,22.748032,0.55281067,1000.0,15.330338,11.924948,27.255285,3.4053907,1000.0,-0.5681889653205872,64.66820526123047,241510,449.4847238063812,,107
-36.03502,7.205797,-28.82922,-43.240814,1000.0,13.736694,32.519585,46.25628,-18.78289,1000.0,-0.7297602891921997,192.1325225830078,243510,455.8215115070343,,108
-80.764854,20.367403,-60.39745,-101.132256,1000.0,-5.2324524,26.628393,21.39594,-31.860846,1000.0,-0.9473053216934204,94.25980377197266,245510,462.5991241931915,,109
-81.72359,2.5866966,-79.13689,-84.31028,1000.0,-25.245625,10.559311,-14.686314,-35.804935,1000.0,-1.083457112312317,201.55787658691406,247510,467.53789949417114,,110
-75.69329,8.730125,-66.963165,-84.423416,1000.0,-92.72366,1.2857475,-91.43791,-94.00941,1000.0,-1.9316543340682983,124.21786499023438,249510,473.44431161880493,,111
-97.28441,34.59257,-62.691837,-131.87698,1000.0,-67.48483,8.527359,-58.957474,-76.01219,1000.0,-1.536004900932312,200.8250732421875,251510,479.60899782180786,,112
-98.24985,2.7724724,-95.47738,-101.02232,1000.0,-106.55844,8.116283,-98.442154,-114.67472,1000.0,-1.9197661876678467,116.57096862792969,253510,485.1739401817322,,113
-87.5087,14.7308655,-72.77783,-102.23956,1000.0,-101.08815,6.2690735,-94.81908,-107.35722,1000.0,-1.6482700109481812,111.7568130493164,255510,489.8906693458557,,114
-76.47508,9.075516,-67.39957,-85.5506,1000.0,-105.46346,12.49791,-92.96555,-117.96137,1000.0,-1.3120328187942505,170.49510192871094,257510,494.838880777359,,115
-68.51015,4.801235,-63.708916,-73.311386,1000.0,-50.209435,19.822275,-30.387157,-70.03171,1000.0,-0.7054541707038879,145.53065490722656,259510,500.25540113449097,,116
-58.83065,4.051977,-54.778675,-62.88263,1000.0,-67.03259,8.419434,-58.61316,-75.45203,1000.0,-0.5349584817886353,120.26305389404297,261510,504.7257285118103,,117
-31.19043,25.438545,-5.7518845,-56.628975,1000.0,-73.90991,10.971157,-62.93875,-84.881065,1000.0,-0.43241575360298157,85.04517364501953,263510,510.59686160087585,,118
-23.584038,38.378944,14.794907,-61.962982,1000.0,-25.181858,5.5239525,-19.657906,-30.70581,1000.0,0.10341862589120865,104.77265930175781,265510,516.2147707939148,,119
-96.58431,59.304344,-18.57457,-162.26067,923.0,-82.5951,51.407116,-12.602474,-134.61526,772.0,-0.28795695304870605,929.4979248046875,267826,522.9513285160065,,120
12.302631,4.1213493,16.42398,8.181282,1000.0,-20.205523,70.634056,34.16115,-119.96263,896.3333333333334,0.5598623156547546,549.2946166992188,270515,529.8529839515686,,121
-3.3657055,40.85678,37.491077,-44.22249,1000.0,96.83653,7.158512,103.99504,89.67802,1000.0,2.408231496810913,392.6119079589844,272515,535.0201761722565,,122
-26.444382,51.487015,25.042633,-77.9314,1000.0,-68.20953,41.39695,-23.31475,-123.19775,988.0,-0.19923348724842072,421.8965148925781,275479,543.1003708839417,,123
-69.95656,0.4173622,-69.5392,-70.373924,1000.0,-85.905235,28.791348,-51.447662,-121.920166,883.0,-0.9845205545425415,655.5068969726562,278128,548.1181263923645,,124
-69.83107,1.6300316,-68.20104,-71.461105,1000.0,-82.9369,28.618338,-54.31856,-111.55524,1000.0,-0.7744235992431641,169.20364379882812,280128,553.8267176151276,,125
-63.514114,28.178024,-35.33609,-91.69214,1000.0,-48.294197,6.668291,-41.625908,-54.96249,1000.0,-0.05300900340080261,308.81646728515625,282128,558.6023466587067,,126
-48.443913,17.867146,-30.576767,-66.31106,1000.0,-71.86281,18.49156,-53.37125,-90.35437,1000.0,-0.26286882162094116,134.21755981445312,284128,563.9898190498352,,127
-94.37111,9.496029,-84.87508,-103.867134,1000.0,-75.01191,26.94204,-48.06987,-101.95395,1000.0,-0.3007613718509674,159.65634155273438,286128,569.3259389400482,,128
-42.52932,32.07917,-10.45015,-74.60849,1000.0,-41.21693,2.7228584,-38.494072,-43.93979,1000.0,0.04560238867998123,194.54891967773438,288128,574.2311305999756,,129
-13.690826,14.059418,0.3685913,-27.750244,1000.0,-72.2589,11.319944,-60.93896,-83.57885,1000.0,-0.09258340299129486,108.6099624633789,290128,579.4430663585663,,130
-14.529556,19.90419,5.374634,-34.433746,1000.0,-20.200687,5.795307,-14.40538,-25.995995,1000.0,0.26962709426879883,199.37222290039062,292128,584.4730789661407,,131
-59.748425,47.01583,-15.726158,-124.91349,978.3333333333334,-40.255165,6.923605,-33.331562,-47.178772,1000.0,0.10574357211589813,179.0852813720703,294128,592.914457321167,,132
39.425323,44.970695,84.39602,-5.545372,1000.0,-19.359009,2.353836,-17.005173,-21.712845,1000.0,0.09728450328111649,141.82443237304688,296128,599.3572280406952,,133
46.110275,24.730904,70.84118,21.379372,1000.0,35.549835,19.262468,54.8123,16.287365,1000.0,1.1392325162887573,158.73727416992188,298128,604.6406223773956,,134
11.065326,81.59258,73.886604,-104.16739,864.6666666666666,100.74064,28.01298,136.79102,68.48983,886.3333333333334,1.8655340671539307,509.1296691894531,300787,611.031192779541,,135
-16.152964,88.2911,101.37402,-111.43402,784.6666666666666,-31.550707,76.08295,66.82819,-118.47763,802.6666666666666,0.28220242261886597,652.0693969726562,303195,616.8809161186218,,136
-87.23013,51.43464,-0.8082905,-136.2344,743.75,8.655837,64.3305,77.09923,-77.471985,908.6666666666666,0.2207976132631302,420.5085144042969,305921,622.7466158866882,,137
-17.66438,113.51108,155.80304,-122.785904,651.75,-88.79279,98.25254,40.795055,-197.01004,807.6666666666666,-0.7920687198638916,909.2944946289062,308344,627.9344413280487,,138
-35.0629,31.226871,-3.8360271,-66.28977,1000.0,-101.99249,53.900043,-34.568336,-166.4992,829.3333333333334,-1.167839765548706,833.7845458984375,310832,632.6674995422363,,139
-146.7944,84.85413,-57.995216,-261.09653,844.0,-42.817024,10.468233,-32.348793,-53.28526,1000.0,-0.6179169416427612,143.40542602539062,312832,637.2022390365601,,140
-88.54932,16.8372,-71.71211,-105.38651,1000.0,-53.040154,34.000153,-19.04,-87.040306,1000.0,-0.5955109596252441,83.67760467529297,314832,642.7523527145386,,141
-35.12693,0.8447323,-34.282196,-35.97166,1000.0,-92.65881,19.448505,-73.210304,-112.107315,1000.0,-0.894616961479187,52.82621765136719,316832,647.2744073867798,,142
-76.19522,17.383112,-58.812107,-93.57833,1000.0,-69.10141,28.941402,-40.160004,-98.04281,1000.0,-0.5649042129516602,113.69721221923828,318832,652.5508599281311,,143
-84.177956,35.70524,-48.472713,-119.883194,1000.0,-91.17942,10.779823,-80.3996,-101.95924,1000.0,-0.7243217825889587,53.5098762512207,320832,657.9250636100769,,144
-73.89347,36.02265,-37.87082,-109.91612,1000.0,-113.281845,6.6347427,-106.6471,-119.91659,1000.0,-0.7784534096717834,49.20376205444336,322832,662.7016582489014,,145
-105.99513,2.8725777,-103.12256,-108.867714,1000.0,-79.178604,30.030182,-49.148422,-109.208786,1000.0,-0.30375146865844727,108.79411315917969,324832,667.9807698726654,,146
-97.2312,8.476772,-88.75443,-105.70798,1000.0,-88.94762,6.622818,-82.3248,-95.570435,1000.0,-0.2081751823425293,149.08934020996094,326832,673.1643776893616,,147
-101.93788,11.9095,-90.02838,-113.84738,1000.0,-89.33206,32.578655,-56.753407,-121.91072,1000.0,-0.3834763169288635,93.22084045410156,328832,678.1563699245453,,148
-68.79609,32.544357,-36.25173,-101.34045,1000.0,-80.716,15.112522,-65.603485,-95.82853,1000.0,-0.214021235704422,103.62831115722656,330832,683.4748933315277,,149
-71.10539,12.700058,-58.405334,-83.80545,1000.0,-89.00707,31.490232,-57.51684,-120.49731,1000.0,-0.14322461187839508,49.73573303222656,332832,688.6413490772247,,150
-22.872856,15.037888,-7.8349686,-37.910744,1000.0,-63.0675,0.95659256,-62.11091,-64.02409,1000.0,0.19356510043144226,73.69757080078125,334832,692.8219840526581,,151
-52.142162,22.281193,-29.86097,-74.423355,1000.0,-65.496574,12.159897,-53.336678,-77.65647,1000.0,0.25457799434661865,94.28713989257812,336832,698.4770565032959,,152
-19.784273,12.75242,-7.0318527,-32.536694,1000.0,2.7273521,8.128582,10.855934,-5.40123,1000.0,0.9399360418319702,323.6994934082031,338832,703.9727246761322,,153
13.116669,19.77707,32.893738,-6.6604004,1000.0,-10.518406,13.390213,2.871807,-23.908619,1000.0,0.5757927894592285,149.67568969726562,340832,708.8161015510559,,154
-24.463919,58.875015,32.24069,-105.61624,848.6666666666666,-1.5002422,22.23913,20.738888,-23.739372,1000.0,0.7476931214332581,231.71926879882812,342832,714.6997060775757,,155
60.909958,16.737122,77.64708,44.172836,1000.0,12.611481,29.99704,42.60852,-17.38556,1000.0,0.8459721803665161,328.6414489746094,344832,720.5687327384949,,156
44.115166,57.431572,101.54674,-13.316406,1000.0,11.324593,38.10857,49.433163,-26.783978,1000.0,0.8202828168869019,160.3580780029297,346832,726.946026802063,,157
36.09362,3.125063,39.21868,32.968555,1000.0,60.382217,6.460457,66.842674,53.92176,1000.0,1.2961370944976807,190.14938354492188,348832,732.8791010379791,,158
38.95503,7.6407547,46.595783,31.314274,1000.0,81.750824,4.7844734,86.5353,76.966354,1000.0,1.6778268814086914,278.39471435546875,350832,739.1992349624634,,159
73.30965,7.824497,81.13415,65.48515,1000.0,75.80762,13.021402,88.82902,62.786213,1000.0,1.120755672454834,165.02125549316406,352832,745.2828345298767,,160
14.833836,10.025417,24.859253,4.8084183,1000.0,27.504173,11.427567,38.93174,16.076607,1000.0,0.11419565975666046,139.87294006347656,354832,750.9787883758545,,161
-25.539032,3.0896997,-22.449333,-28.628733,1000.0,-19.066498,9.556863,-9.509636,-28.623362,1000.0,-0.7385567426681519,100.22244262695312,356832,755.922066450119,,162
-55.15556,1.6316185,-53.52394,-56.787178,1000.0,-17.807774,7.272995,-10.534779,-25.080769,1000.0,-0.7739283442497253,139.79246520996094,358832,760.9344656467438,,163
-12.434448,21.557858,9.123409,-33.992306,1000.0,-9.814934,21.66037,11.845436,-31.475304,1000.0,-0.7436583638191223,126.52665710449219,360832,766.1663315296173,,164
-40.051506,20.894258,-19.15725,-60.945766,1000.0,-28.968037,11.158535,-17.809502,-40.12657,1000.0,-1.0789518356323242,113.3239517211914,362832,769.7997758388519,,165
-98.7872,23.85601,-74.93119,-122.64321,1000.0,-60.754303,13.095213,-47.659092,-73.84952,1000.0,-1.3949317932128906,112.19657897949219,364832,775.3969328403473,,166
-117.461,2.0780907,-115.382904,-119.539085,1000.0,-103.07666,14.599731,-88.47693,-117.67639,1000.0,-1.8551689386367798,102.54257202148438,366832,781.7992961406708,,167
-185.44351,18.35147,-167.09204,-203.79498,1000.0,-116.82581,4.177643,-112.64817,-121.003456,1000.0,-1.922522783279419,114.73868560791016,368832,788.065643787384,,168
-132.77725,7.5610275,-125.21623,-140.33829,1000.0,-167.9277,33.53347,-134.39424,-201.46118,1000.0,-2.0662105083465576,148.62258911132812,370832,793.9168360233307,,169
-123.71081,27.378029,-96.33278,-151.08884,1000.0,-134.74736,22.917389,-111.82997,-157.66475,1000.0,-1.4240639209747314,160.5379638671875,372832,798.98153424263,,170
-96.590805,17.38115,-79.209656,-113.971954,1000.0,-145.37694,6.621994,-138.75494,-151.99893,1000.0,-1.241683006286621,74.54151153564453,374832,804.3518307209015,,171
-57.658802,8.700527,-48.958275,-66.35933,1000.0,-100.775955,26.234985,-74.54097,-127.01094,1000.0,-0.3983646333217621,66.44324493408203,376832,809.4033362865448,,172
-38.856407,11.640038,-27.21637,-50.496445,1000.0,-63.26858,4.929966,-58.338615,-68.19855,1000.0,0.3199634850025177,123.8516616821289,378832,815.3843848705292,,173
5.9761505,5.093292,11.069443,0.8828583,1000.0,-60.557262,26.451168,-34.106094,-87.00843,1000.0,0.21058835089206696,91.5563735961914,380832,820.8819479942322,,174
-15.507125,5.7402105,-9.766914,-21.247335,1000.0,-45.288345,17.445215,-27.84313,-62.73356,1000.0,0.415128231048584,62.90285873413086,382832,827.5924575328827,,175
16.367409,3.2505074,19.617916,13.116901,1000.0,-33.75279,9.583275,-24.169514,-43.336063,1000.0,0.7774507403373718,111.32160949707031,384832,832.2711527347565,,176
-4.1847744,16.29708,12.112305,-20.481853,1000.0,-4.0379868,29.347916,25.309929,-33.385902,1000.0,1.0419267416000366,183.73077392578125,386832,836.7893896102905,,177
5.040346,6.226164,11.26651,-1.1858177,1000.0,-28.948586,1.3825254,-27.566061,-30.331112,1000.0,0.6497131586074829,116.14318084716797,388832,842.0993349552155,,178
5.203079,8.015007,13.218086,-2.8119278,1000.0,-22.569384,11.695654,-10.87373,-34.265038,1000.0,0.6575884819030762,107.40885162353516,390832,847.3076589107513,,179
-4.1844482,5.348194,1.1637459,-9.532642,1000.0,-15.024634,4.171363,-10.8532715,-19.195997,1000.0,0.5173713564872742,125.72760772705078,392832,851.8376471996307,,180
-10.333523,15.419865,5.086342,-25.753387,1000.0,-7.6129684,14.188179,6.5752106,-21.801147,1000.0,-0.1478886902332306,186.99574279785156,394832,857.1240568161011,,181
-27.545443,12.866617,-14.678825,-40.41206,1000.0,-46.21074,6.2554703,-39.95527,-52.46621,1000.0,-0.267731249332428,77.47354888916016,396832,863.0297544002533,,182
-39.948555,6.7811604,-33.167393,-46.729713,1000.0,-42.339897,32.73607,-9.603828,-75.075966,1000.0,-0.33988651633262634,98.99488830566406,398832,868.3330390453339,,183
-63.293465,1.6284542,-61.665012,-64.92192,1000.0,-47.64441,6.1901855,-41.454224,-53.834595,1000.0,-0.42800119519233704,88.48987579345703,400832,873.570472240448,,184
-84.91049,24.674236,-60.23626,-109.58473,1000.0,-55.169746,12.815371,-42.354374,-67.985115,1000.0,-0.7176224589347839,64.79183959960938,402832,879.5330290794373,,185
-65.55865,23.503576,-42.055073,-89.062225,1000.0,-72.46016,4.048168,-68.41199,-76.50832,1000.0,-0.777791440486908,48.118526458740234,404832,884.7625031471252,,186
-72.69711,31.812681,-40.884434,-104.509796,1000.0,-80.45235,1.9794807,-78.47286,-82.43182,1000.0,-0.9120413661003113,136.76016235351562,406832,889.7409873008728,,187
-90.90219,17.645267,-73.25692,-108.547455,1000.0,-93.33388,15.903698,-77.430176,-109.23757,1000.0,-0.9133188724517822,109.8199691772461,408832,894.3811988830566,,188
-101.40721,25.422207,-75.985,-126.829414,1000.0,-68.0387,8.592747,-59.445946,-76.63144,1000.0,-0.509182333946228,98.44176483154297,410832,898.9513874053955,,189
-63.793045,11.439222,-52.353825,-75.23227,1000.0,-106.67884,14.049095,-92.629745,-120.727936,1000.0,-0.8358345627784729,77.31825256347656,412832,903.7306318283081,,190
-101.77309,4.9035645,-96.86952,-106.67665,1000.0,-57.138588,1.1933765,-55.94521,-58.331963,1000.0,0.012764002196490765,127.28765106201172,414832,909.511004447937,,191
-52.173992,6.899807,-45.274185,-59.0738,1000.0,-57.32836,11.7050705,-45.62329,-69.03343,1000.0,0.059450723230838776,122.57361602783203,416832,914.9868528842926,,192
-57.94448,15.856346,-42.088135,-73.80083,1000.0,-69.75662,28.588161,-41.168465,-98.34479,1000.0,-0.1758655309677124,68.8407211303711,418832,921.3073546886444,,193
-47.52333,0.40158844,-47.121742,-47.92492,1000.0,-67.21217,9.20137,-58.010803,-76.41354,1000.0,-0.04167082905769348,75.0732192993164,420832,925.9585990905762,,194
-48.395653,3.3066578,-45.088997,-51.702312,1000.0,-51.314568,5.8110657,-45.5035,-57.125633,1000.0,0.06449192762374878,98.63809204101562,422832,930.5538828372955,,195
-99.21945,20.342579,-78.87687,-119.56203,1000.0,-71.93916,20.119106,-51.820053,-92.058266,1000.0,-0.13572144508361816,56.1123046875,424832,935.8535497188568,,196
-91.51123,32.226696,-59.28453,-123.73792,1000.0,-67.003204,18.272945,-48.730263,-85.27615,1000.0,-0.19191664457321167,88.61724853515625,426832,941.4196252822876,,197
-75.02293,17.120079,-57.902847,-92.143005,1000.0,-63.35116,30.59871,-32.75245,-93.94987,1000.0,-0.15150828659534454,156.5235595703125,428832,947.1171293258667,,198
-64.39677,18.859322,-45.537445,-83.25609,1000.0,-69.27063,17.492407,-51.778225,-86.76304,1000.0,-0.1827506273984909,162.05508422851562,430832,951.6373445987701,,199
